{
    "Entities": [
        {
            "color": {
                "blue": 0,
                "green": 0,
                "red": 255
            },
            "created": "2016-04-06T20:27:18Z",
            "dimensions": {
                "x": 0.20000000298023224,
                "y": 0.20000000298023224,
                "z": 0.20000000298023224
            },
            "id": "{4b4297c2-faab-422d-966d-658073cb52b1}",
            "queryAACube": {
                "scale": 0.34641015529632568,
                "x": -0.17320507764816284,
                "y": -0.17320507764816284,
                "z": -0.17320507764816284
            },
            "rotation": {
                "w": 1,
                "x": -1.52587890625e-05,
                "y": -1.52587890625e-05,
                "z": -1.52587890625e-05
            },
            "type": "Box"
        }
    ],
    "Version": 57
}
