{
    "DataVersion": 0,
    "Entities": [
        {
            "angularDamping": 0,
            "clientOnly": false,
            "color": {
                "blue": 239,
                "green": 180,
                "red": 0
            },
            "created": "2018-11-23T18:19:07Z",
            "damping": 0,
            "dimensions": {
                "x": 0.20000000298023224,
                "y": 0.20000000298023224,
                "z": 0.20000000298023224
            },
            "grab": {
                "equippableLeftRotation": {
                    "w": 1,
                    "x": -1.52587890625e-05,
                    "y": -1.52587890625e-05,
                    "z": -1.52587890625e-05
                },
                "equippableRightRotation": {
                    "w": 1,
                    "x": -1.52587890625e-05,
                    "y": -1.52587890625e-05,
                    "z": -1.52587890625e-05
                }
            },
            "id": "{84fe8d59-c3e8-492f-878d-d2c81930c5fe}",
            "lastEdited": 1542997224113162,
            "lastEditedBy": "{3cd49333-8d29-4bf6-aae7-e1827a5baa31}",
            "owningAvatarID": "{00000000-0000-0000-0000-000000000000}",
            "queryAACube": {
                "scale": 0.3464101552963257,
                "x": -0.17320507764816284,
                "y": -0.17320507764816284,
                "z": -0.17320507764816284
            },
            "rotation": {
                "w": 1,
                "x": -1.52587890625e-05,
                "y": -1.52587890625e-05,
                "z": -1.52587890625e-05
            },
            "shape": "Cube",
            "type": "Box"
        }
    ],
    "Id": "{b523121b-b03a-4709-99c4-bada1bb5237d}",
    "Version": 96
}
